start_time,end_time,label,labelid,duration,model
3.966666666666667,6.433333333333334,Gesture,1,2.466666666666667,CNN
2.8333333333333335,5.9,Gesture,1,3.066666666666667,LightGBM
