start_time,end_time,label,labelid,duration,model
37.56666666666667,38.13333333333333,Gesture,1,0.5666666666666629,CNN
43.7,44.13333333333333,Gesture,2,0.43333333333333,CNN
