start_time,end_time,label,labelid,duration,model
3.4,10.233333333333333,Gesture,1,6.833333333333332,CNN
12.133333333333333,13.266666666666667,Gesture,3,1.1333333333333346,CNN
