start_time,end_time,label,labelid,duration,model
3.433333333333333,3.966666666666667,Move,1,0.5333333333333337,CNN
8.166666666666666,8.866666666666667,Gesture,2,0.7000000000000011,CNN
